ID,Name,Email
396-56-6891,Hertha Jiles,hjiles0@ed.gov
830-37-2285,Brittani Markwelley,bmarkwelley1@nytimes.com
235-27-7937,Devonna Weekley,dweekley2@flickr.com
409-93-9196,Candace Conrart,cconrart3@canalblog.com
472-06-9675,Dew Johannes,djohannes4@symantec.com
622-63-1669,Falkner Blenkiron,fblenkiron5@reverbnation.com
272-12-1718,Shermie Gynni,sgynni6@independent.co.uk
370-83-3379,Brunhilda Charles,bcharles7@cbsnews.com
453-96-9291,Leelah Kineton,lkineton8@amazonaws.com
497-35-8268,Steve Leeming,sleeming9@ehow.com
221-87-8673,Aprilette Titman,atitmana@slashdot.org
684-98-1355,Ceciley Rizzello,crizzellob@ifeng.com
756-86-1836,Bev Mulcahy,bmulcahyc@narod.ru
171-84-0997,Jeanne Mellhuish,jmellhuishd@xinhuanet.com
324-83-1265,Isacco Senyard,isenyarde@goo.gl
642-53-8550,Denis Lumsdall,dlumsdallf@wordpress.com
246-22-6728,Katleen Ofener,kofenerg@abc.net.au
414-04-8076,Juan Vayro,jvayroh@discovery.com
197-92-8096,Dal Mosson,dmossoni@prweb.com
550-76-7280,Marv Meigh,mmeighj@mlb.com
778-84-4011,Victor McSaul,vmcsaulk@illinois.edu
824-84-7749,Adele Dwane,adwanel@virginia.edu
358-67-8296,Astra Downey,adowneym@barnesandnoble.com
485-10-0773,Alvis Paviour,apaviourn@ask.com
511-20-0721,Ennis Attwill,eattwillo@technorati.com
520-67-2632,Genna Stobo,gstobop@businessinsider.com
609-89-6148,Cathie Colthard,ccolthardq@mozilla.org
255-50-1688,Kathie Mattiassi,kmattiassir@epa.gov
737-97-1118,Erin Flageul,eflageuls@shareasale.com
455-04-8152,Carlyle Petrashkov,cpetrashkovt@globo.com
486-39-0987,Sampson Head,sheadu@cafepress.com
892-30-5854,Kathi Bewley,kbewleyv@ustream.tv
626-88-9423,Lorelei Jelleman,ljellemanw@dot.gov
862-28-5465,Aguistin Danbi,adanbix@hc360.com
851-70-5461,Bret Whyler,bwhylery@nytimes.com
722-83-8302,Kristoforo Lindemann,klindemannz@hexun.com
797-85-3231,Sammy Boddie,sboddie10@weibo.com
114-08-4722,Tatiania Kohnen,tkohnen11@nbcnews.com
578-76-1487,Billy Finlay,bfinlay12@reference.com
321-58-7298,Jill Geist,jgeist13@livejournal.com
505-87-5419,Nikos McMurthy,nmcmurthy14@weibo.com
833-88-4781,Miguel Colgan,mcolgan15@ucoz.com
597-90-1394,Rollins Stitt,rstitt16@amazon.co.jp
251-41-1997,Kathe Malyan,kmalyan17@alibaba.com
233-12-4852,Ruben Ainsby,rainsby18@google.co.uk
462-95-8476,Jacklyn Rudall,jrudall19@cisco.com
169-77-4703,Clarette Jerred,cjerred1a@boston.com
364-03-3317,Vittorio Keddey,vkeddey1b@issuu.com
760-11-4624,Wilma Atto,watto1c@istockphoto.com
323-19-0068,Charlena Creffield,ccreffield1d@scribd.com
357-58-7458,Denney Meus,dmeus1e@reuters.com
674-90-5490,Ellen Kleinbaum,ekleinbaum1f@dailymotion.com
326-77-7342,Maxwell Helm,mhelm1g@addtoany.com
685-16-9388,Harmony Quinion,hquinion1h@comcast.net
636-91-5193,Berry Swaile,bswaile1i@hubpages.com
558-44-0058,Emlyn McKirton,emckirton1j@cbslocal.com
293-35-7104,Federica Jollye,fjollye1k@barnesandnoble.com
587-64-2225,Cosme Richardes,crichardes1l@ed.gov
717-18-6636,Erhard Glanz,eglanz1m@senate.gov
887-24-1826,Cynthia Hannent,channent1n@privacy.gov.au
431-37-2125,Gigi Hutfield,ghutfield1o@google.ru
661-57-0833,Giraldo Adamek,gadamek1p@mysql.com
692-70-4428,Clint Gookey,cgookey1q@spiegel.de
395-77-5892,Jo-ann Bernakiewicz,jbernakiewicz1r@berkeley.edu
154-22-2290,Casar Quinnelly,cquinnelly1s@senate.gov
509-47-7760,Archy Ingerson,aingerson1t@shop-pro.jp
855-68-8569,Di Dagon,ddagon1u@github.com
570-40-4466,Gun Froschauer,gfroschauer1v@biglobe.ne.jp
519-36-3156,Liuka Londors,llondors1w@com.com
678-37-7048,Britney Bonifacio,bbonifacio1x@accuweather.com
888-18-1798,Clementina Pretsell,cpretsell1y@hatena.ne.jp
645-98-9146,Saba Skryne,sskryne1z@plala.or.jp
520-74-7778,Almeria MacPake,amacpake20@foxnews.com
830-63-6824,Nero Castillo,ncastillo21@fotki.com
243-14-3043,Jerrylee Vautin,jvautin22@mapy.cz
384-94-9368,Karlik Benedetti,kbenedetti23@myspace.com
832-86-5115,Maisie Grgic,mgrgic24@plala.or.jp
395-22-2538,Edin Symcock,esymcock25@kickstarter.com
130-36-8545,Morgun Culter,mculter26@psu.edu
699-17-5442,Brenn Aveyard,baveyard27@fotki.com
347-24-6714,Bobine Kalkofer,bkalkofer28@histats.com
638-03-9063,Homere Westerman,hwesterman29@eepurl.com
885-92-9954,Donavon Arrell,darrell2a@dagondesign.com
458-97-2093,Panchito Eliasen,peliasen2b@google.fr
320-86-7767,Tamarra Peppard,tpeppard2c@cocolog-nifty.com
110-17-1128,Sadye Spadelli,sspadelli2d@lycos.com
283-61-7415,Bran Reef,breef2e@hc360.com
704-50-6685,Kathy Dumphy,kdumphy2f@cyberchimps.com
377-91-7209,Hildegaard Yurlov,hyurlov2g@dyndns.org
670-75-6270,Shalne Wicher,swicher2h@sakura.ne.jp
811-24-9492,Cindee O'Carran,cocarran2i@wix.com
758-68-8287,Vito Donnell,vdonnell2j@redcross.org
329-37-7949,Zarah Cozby,zcozby2k@timesonline.co.uk
470-01-9837,Rafaelita Matten,rmatten2l@oracle.com
752-68-9069,Morris Foot,mfoot2m@digg.com
793-99-7363,Alex Weddeburn,aweddeburn2n@chron.com
685-75-7522,Shane Aspital,saspital2o@lycos.com
203-21-0359,Matteo Mustoo,mmustoo2p@gov.uk
183-58-1920,Earvin Gall,egall2q@ox.ac.uk
889-99-9622,Gilemette Crates,gcrates2r@washingtonpost.com
315-10-9829,Rickie Walework,rwalework2s@techcrunch.com
869-77-2918,Elana Colthurst,ecolthurst2t@virginia.edu
256-22-5297,Lulu Hathway,lhathway2u@yandex.ru
611-24-0499,Yolane Barczewski,ybarczewski2v@about.me
679-29-9264,Randi Oakwood,roakwood2w@engadget.com
464-65-8368,Valerye Beggi,vbeggi2x@google.pl
479-67-5001,Scarlet Shillom,sshillom2y@forbes.com
196-61-4204,Evelina Parfitt,eparfitt2z@eepurl.com
418-98-0916,Jonathan Waterland,jwaterland30@istockphoto.com
798-36-0348,Jamie Jaffray,jjaffray31@t.co
674-07-3197,Allys Cartmael,acartmael32@google.com.hk
528-33-8084,Jamey Fishpoole,jfishpoole33@examiner.com
592-73-6170,Junie Kundt,jkundt34@hc360.com
729-59-2285,Carlos Accomb,caccomb35@vkontakte.ru
136-52-2981,Laura Oels,loels36@cisco.com
766-43-7236,Riobard Samme,rsamme37@163.com
120-30-9319,Adina Millott,amillott38@wsj.com
171-36-0927,Dickie Westwater,dwestwater39@abc.net.au
233-09-3469,Yalonda Mandeville,ymandeville3a@ifeng.com
129-12-0976,Fawnia Bentote,fbentote3b@sun.com
559-75-3364,Flory Kennler,fkennler3c@disqus.com
803-94-0397,Saundra Capper,scapper3d@jigsy.com
786-45-3142,Heda Donnersberg,hdonnersberg3e@bizjournals.com
339-24-2731,Maynord Scottesmoor,mscottesmoor3f@facebook.com
889-03-2108,Angie Pavolini,apavolini3g@fc2.com
579-13-5480,Micki Gearty,mgearty3h@nps.gov
570-38-8234,Ethelbert George,egeorge3i@dailymotion.com
301-77-2652,Alida Taggett,ataggett3j@nih.gov
440-99-0452,Bobbi Wattam,bwattam3k@cornell.edu
603-19-7253,Base Gilmour,bgilmour3l@google.co.jp
557-99-0187,Guillema Squirrel,gsquirrel3m@buzzfeed.com
191-15-6623,Garrick Lavallie,glavallie3n@webmd.com
680-01-4684,Serge Stevani,sstevani3o@dropbox.com
212-75-2912,Sofie Ridsdell,sridsdell3p@tinyurl.com
728-57-8450,Loralee Creebo,lcreebo3q@ucla.edu
355-25-9317,Mehetabel Smallacombe,msmallacombe3r@bigcartel.com
520-39-8202,Borg Longstreet,blongstreet3s@slideshare.net
871-05-8133,Deeann Pittet,dpittet3t@altervista.org
864-15-9356,Sidney Boyet,sboyet3u@histats.com
716-91-6945,Sabra Dalli,sdalli3v@guardian.co.uk
261-36-2487,Nels Bollini,nbollini3w@etsy.com
848-97-9759,Rudyard Hubbucks,rhubbucks3x@mashable.com
899-52-3041,Dieter Heiton,dheiton3y@arstechnica.com
556-58-8556,Verney Lucio,vlucio3z@people.com.cn
835-23-9508,Meg Merrigans,mmerrigans40@rakuten.co.jp
638-52-3013,Ida Muat,imuat41@dyndns.org
632-43-5054,Rod Di Ruggero,rdi42@g.co
251-80-3398,Redford Seagar,rseagar43@telegraph.co.uk
111-53-2088,Kevan Shergold,kshergold44@e-recht24.de
587-58-8685,Jason Prattington,jprattington45@soup.io
741-36-9585,Hodge Checkley,hcheckley46@dmoz.org
642-45-4831,Gusella Ferreo,gferreo47@redcross.org
228-56-9299,Freedman Leal,fleal48@walmart.com
851-68-6315,Amandie Calder,acalder49@pcworld.com
428-37-3966,Flor Sreenan,fsreenan4a@mit.edu
432-32-2679,Tonie Branthwaite,tbranthwaite4b@dion.ne.jp
870-80-0834,Haywood Nolte,hnolte4c@ox.ac.uk
442-41-7730,Ashli Perrie,aperrie4d@sohu.com
165-76-8517,Chrysa Belden,cbelden4e@sohu.com
553-54-1248,Jayme Maplethorp,jmaplethorp4f@netvibes.com
596-99-3739,Dimitri Westman,dwestman4g@cloudflare.com
196-82-2935,Atalanta Dowbiggin,adowbiggin4h@apple.com
884-68-7117,Jaquenette Pedler,jpedler4i@ucoz.ru
897-33-0680,Faina Braddon,fbraddon4j@desdev.cn
491-11-5760,Cynthia Getsham,cgetsham4k@goodreads.com
555-45-3873,Jereme Raison,jraison4l@nymag.com
306-73-4459,Hogan Fownes,hfownes4m@ustream.tv
431-47-2032,Steffie Meeland,smeeland4n@ow.ly
680-17-8464,Ray Besnard,rbesnard4o@chron.com
583-76-4860,Staford Simpson,ssimpson4p@google.ca
749-74-4488,Raeann Veazey,rveazey4q@adobe.com
838-14-9948,Daloris Barron,dbarron4r@joomla.org
356-65-9789,Debor Crowest,dcrowest4s@miibeian.gov.cn
835-45-1904,Nero Valentinuzzi,nvalentinuzzi4t@artisteer.com
575-45-6615,Caty Housecraft,chousecraft4u@example.com
608-77-0881,Sande Aries,saries4v@craigslist.org
586-91-2408,Dominique Alldridge,dalldridge4w@mashable.com
423-95-6033,Darrin Chelley,dchelley4x@craigslist.org
395-81-5101,Grazia McDougal,gmcdougal4y@harvard.edu
458-89-6681,Alix Meysham,ameysham4z@macromedia.com
458-54-7302,Simeon Royston,sroyston50@twitter.com
715-02-4442,Weider Tummasutti,wtummasutti51@hugedomains.com
833-95-6386,Kayne Cunio,kcunio52@bizjournals.com
203-82-1083,Shantee Dunston,sdunston53@google.fr
751-23-0966,Jannelle MacAindreis,jmacaindreis54@tumblr.com
316-48-5725,Ellyn Sly,esly55@wix.com
835-63-4719,Gilburt Coplestone,gcoplestone56@ted.com
793-68-6565,Blondy Hankins,bhankins57@wired.com
475-99-3114,Dalis Boerderman,dboerderman58@scientificamerican.com
336-47-1257,Akim Mocker,amocker59@symantec.com
715-71-3228,Mattias Hassin,mhassin5a@facebook.com
218-73-2159,Hersh Hugonin,hhugonin5b@discovery.com
693-01-3380,Imelda Eginton,ieginton5c@globo.com
269-26-7709,Doug Andriulis,dandriulis5d@weibo.com
124-30-9706,Cirillo Pray,cpray5e@earthlink.net
578-52-4115,Boniface Piatek,bpiatek5f@blinklist.com
520-07-6927,Cherianne Catterall,ccatterall5g@posterous.com
372-47-5181,Brook Roelofsen,broelofsen5h@gravatar.com
709-11-7996,Blondell Murty,bmurty5i@buzzfeed.com
100-07-1193,Russ Kuschek,rkuschek5j@istockphoto.com
220-59-4202,Inness Konzel,ikonzel5k@ning.com
255-42-5505,Joellyn Boshard,jboshard5l@sitemeter.com
251-32-2881,Graig Greenard,ggreenard5m@netscape.com
330-49-1745,Matti Fibben,mfibben5n@unc.edu
742-99-0336,Sarita Woodrup,swoodrup5o@thetimes.co.uk
847-32-5540,Veda Presshaugh,vpresshaugh5p@blogtalkradio.com
408-08-6142,Lazarus Rodear,lrodear5q@china.com.cn
882-10-8382,Daniela Redsell,dredsell5r@cnet.com
429-39-5766,Akim Olin,aolin5s@huffingtonpost.com
343-93-9838,Isidora Lowy,ilowy5t@spiegel.de
342-53-9149,Trstram Boumphrey,tboumphrey5u@furl.net
493-59-9637,Gaston De Malchar,gde5v@newyorker.com
445-43-0494,Charita Bene,cbene5w@hud.gov
868-65-0316,Findlay Taw,ftaw5x@studiopress.com
461-66-1043,Devy Cripps,dcripps5y@addthis.com
600-46-5334,Reagan Smickle,rsmickle5z@hubpages.com
809-14-6081,Burtie Roggerone,broggerone60@google.ca
127-16-9052,Brodie Redfern,bredfern61@shareasale.com
103-69-2255,Anetta Scrowton,ascrowton62@addtoany.com
516-41-7675,Reeba Maier,rmaier63@histats.com
878-95-7860,Thalia Caygill,tcaygill64@umn.edu
451-47-4613,Mortimer Yushmanov,myushmanov65@gravatar.com
883-83-5576,Betsy Sconce,bsconce66@springer.com
392-87-3174,Ines Eykelhof,ieykelhof67@skyrock.com
403-25-9713,Karl Varfalameev,kvarfalameev68@phpbb.com
153-15-4348,Adrian Nemchinov,anemchinov69@blinklist.com
443-42-3760,Frasco Casham,fcasham6a@thetimes.co.uk
725-09-9845,Madelena Anthonies,manthonies6b@rediff.com
312-62-8070,Shara Evershed,severshed6c@over-blog.com
376-40-9385,Birgitta Delf,bdelf6d@paypal.com
551-21-4871,Lilyan Chilcott,lchilcott6e@hc360.com
388-57-4394,Dante Ingamells,dingamells6f@dailymotion.com
646-83-1630,Bertie Harber,bharber6g@vistaprint.com
446-63-4676,Caro Woolforde,cwoolforde6h@over-blog.com
308-79-0527,Estrellita Didsbury,edidsbury6i@imageshack.us
710-83-5545,Dilan Antognazzi,dantognazzi6j@va.gov
334-69-6217,Win Burl,wburl6k@slideshare.net
169-56-0770,Rene Locksley,rlocksley6l@imgur.com
418-55-4897,Lyndy Lade,llade6m@meetup.com
535-69-1321,Arvie Lyes,alyes6n@stanford.edu
311-06-0558,Jeanna Dutt,jdutt6o@harvard.edu
689-63-8374,Son Carpmile,scarpmile6p@devhub.com
886-72-5553,Lanny Baynard,lbaynard6q@cmu.edu
425-18-7251,Ernaline Redsell,eredsell6r@shareasale.com
459-75-1300,Reinald Malletratt,rmalletratt6s@tumblr.com
751-68-4310,Archaimbaud Lamey,alamey6t@sciencedirect.com
231-61-5341,Georgia Treuge,gtreuge6u@nymag.com
350-67-0130,Waverly Mathelon,wmathelon6v@behance.net
692-91-7530,Muffin Barrs,mbarrs6w@illinois.edu
598-01-1973,Court Lacey,clacey6x@tripod.com
466-39-4878,Windham Farfalameev,wfarfalameev6y@blinklist.com
453-79-4784,Flss Blethin,fblethin6z@nyu.edu
116-57-9465,Lane Shovlin,lshovlin70@prlog.org
866-08-9125,Rubie Carnew,rcarnew71@lulu.com
573-92-5056,Eadie Ripon,eripon72@businesswire.com
164-29-5475,Rockwell Doby,rdoby73@xrea.com
242-85-5350,Bride Nuccii,bnuccii74@paginegialle.it
288-89-0503,Shayne Shilladay,sshilladay75@cisco.com
189-80-5811,Suellen Habershaw,shabershaw76@odnoklassniki.ru
141-96-0488,Fidelio Acutt,facutt77@miibeian.gov.cn
242-06-9169,Ingra Crenage,icrenage78@techcrunch.com
220-57-5020,Laina Rolfi,lrolfi79@soundcloud.com
535-33-7219,Pasquale Goldie,pgoldie7a@guardian.co.uk
596-89-0160,Thor Spatoni,tspatoni7b@amazon.co.uk
770-59-1607,Jeannette Le Barre,jle7c@gravatar.com
859-68-1550,Betteann Wasmer,bwasmer7d@google.es
125-14-9462,Dorthea Stenbridge,dstenbridge7e@gov.uk
449-60-9284,Lonee Bandey,lbandey7f@google.co.jp
617-51-3041,Matthew Kleinmann,mkleinmann7g@yahoo.com
745-67-3395,Arturo Klimas,aklimas7h@friendfeed.com
511-46-2920,Barney Mayte,bmayte7i@mapquest.com
779-47-6219,Archibaldo Slyme,aslyme7j@soup.io
174-85-2221,Ann Hughs,ahughs7k@nhs.uk
759-91-5059,Quintus Elstow,qelstow7l@foxnews.com
387-29-6443,Jermain Nijssen,jnijssen7m@cornell.edu
841-43-1614,Mira Batting,mbatting7n@state.gov
244-33-3373,Morty Aslum,maslum7o@about.me
692-31-4701,Mose Feld,mfeld7p@purevolume.com
396-68-8306,Coreen Gladdolph,cgladdolph7q@ucla.edu
318-70-8654,Marylinda Smallshaw,msmallshaw7r@wikimedia.org
443-20-9616,Thatcher Candlin,tcandlin7s@qq.com
365-60-7518,Bonni Bliven,bbliven7t@theglobeandmail.com
143-93-7463,Carmon Dales,cdales7u@hhs.gov
197-27-8189,Odetta Boerderman,oboerderman7v@army.mil
576-11-2716,Nikolia Lipscomb,nlipscomb7w@webnode.com
361-27-0431,Madeline Lagneaux,mlagneaux7x@marriott.com
710-45-0932,Cozmo O'Hanlon,cohanlon7y@phpbb.com
565-50-3211,Zechariah Axten,zaxten7z@mediafire.com
274-40-2038,Elyn Cicchelli,ecicchelli80@google.es
129-94-4407,Cinnamon Kift,ckift81@businessinsider.com
413-84-7600,Vinnie Sterrick,vsterrick82@ftc.gov
896-03-0670,Reggie Elijah,relijah83@jimdo.com
866-21-2378,Norine McPaik,nmcpaik84@taobao.com
616-63-0032,Huntley Ney,hney85@plala.or.jp
676-40-8687,Norene Abson,nabson86@flickr.com
481-11-9149,Annmaria Phizackarley,aphizackarley87@usda.gov
209-77-3113,Melisandra Hull,mhull88@buzzfeed.com
172-83-4339,Dyane Lynock,dlynock89@constantcontact.com
253-65-3966,Latrena Trahair,ltrahair8a@huffingtonpost.com
158-81-4357,Harris Damrel,hdamrel8b@ebay.co.uk
491-49-6312,Dee Sheriff,dsheriff8c@eventbrite.com
634-81-0697,Sanson McCook,smccook8d@auda.org.au
879-01-9178,Lelia O'Fallone,lofallone8e@slate.com
156-89-0316,Bili Guiton,bguiton8f@msn.com
209-63-3074,Rozalie Cove,rcove8g@nsw.gov.au
147-19-1794,Esmaria Rickasse,erickasse8h@nhs.uk
326-98-0507,Albertina Wheowall,awheowall8i@addtoany.com
388-71-6041,Donielle Ceillier,dceillier8j@wikispaces.com
487-10-6027,Bobina Epsly,bepsly8k@ucsd.edu
814-66-5298,Atalanta MacIlurick,amacilurick8l@apache.org
347-33-1184,Minette Deal,mdeal8m@comsenz.com
560-77-6046,Deena Seargeant,dseargeant8n@illinois.edu
884-90-9280,Hill Westberg,hwestberg8o@lulu.com
184-96-0549,Westbrook Shotter,wshotter8p@admin.ch
890-96-8554,Byrann Vsanelli,bvsanelli8q@umn.edu
105-12-0468,Marcelo Seaton,mseaton8r@globo.com
408-63-8369,Meagan Eck,meck8s@devhub.com
825-48-9850,Tallulah Heales,theales8t@free.fr
419-72-7900,Cathrin Ebbitt,cebbitt8u@about.com
493-39-6220,Joela Blunsum,jblunsum8v@shop-pro.jp
874-67-6780,Forrester De Michetti,fde8w@sun.com
743-30-3567,Lothaire Joontjes,ljoontjes8x@paypal.com
750-66-2495,Cecil Garz,cgarz8y@feedburner.com
201-78-1754,Jasmine Yorkston,jyorkston8z@google.com.au
257-45-1490,Jessamine Euesden,jeuesden90@lycos.com
223-10-3230,Noach Bohan,nbohan91@ebay.co.uk
467-76-4793,Lazarus Polsin,lpolsin92@mayoclinic.com
123-49-1556,Amandie Sapir,asapir93@a8.net
589-48-0964,Cindi Amthor,camthor94@usnews.com
237-69-7847,Dwight Jodrellec,djodrellec95@wikipedia.org
287-18-6867,Valery Pascho,vpascho96@japanpost.jp
423-38-4140,Wade Cohalan,wcohalan97@privacy.gov.au
482-32-0644,Bernhard Hamp,bhamp98@seattletimes.com
483-78-7667,Ailsun Harradence,aharradence99@edublogs.org
383-64-5227,Morty Padilla,mpadilla9a@wsj.com
441-85-3266,Jeana Skett,jskett9b@xinhuanet.com
713-57-5591,Charlean Colchett,ccolchett9c@europa.eu
276-36-0222,Daffy Nealey,dnealey9d@theglobeandmail.com
133-44-5159,Aharon Kubal,akubal9e@netvibes.com
136-80-0865,Darline Talman,dtalman9f@redcross.org
828-22-1836,Micheil Bedell,mbedell9g@psu.edu
860-49-2443,Shaine Wringe,swringe9h@simplemachines.org
619-81-0670,Gorden Trevino,gtrevino9i@theatlantic.com
375-76-4013,Zoe O'Neary,zoneary9j@dropbox.com
893-06-1110,Nonna Pearson,npearson9k@xing.com
764-61-9747,Henrietta Peeke-Vout,hpeekevout9l@discuz.net
151-20-7704,Dannye Cardall,dcardall9m@nsw.gov.au
374-60-5268,Tanitansy Gerrie,tgerrie9n@ted.com
274-02-7610,Julina Leagas,jleagas9o@biglobe.ne.jp
114-94-0045,Jeannie Drillingcourt,jdrillingcourt9p@joomla.org
352-91-4785,Adella Olivera,aolivera9q@google.it
229-93-5872,Brion Airs,bairs9r@buzzfeed.com
401-15-7132,Roger Alstead,ralstead9s@ow.ly
331-38-8358,Kakalina Kenyon,kkenyon9t@pinterest.com
555-18-9619,Shea Chettle,schettle9u@prnewswire.com
735-22-5209,Svend Matiewe,smatiewe9v@hp.com
311-11-5380,Reginald Derrington,rderrington9w@jugem.jp
380-01-8067,Werner Devon,wdevon9x@forbes.com
850-29-5541,Esmeralda Zettler,ezettler9y@constantcontact.com
129-64-5212,Laurene Goater,lgoater9z@unesco.org
253-95-0835,Livvyy Palombi,lpalombia0@tuttocitta.it
534-28-3543,Nicolina Scurrah,nscurraha1@go.com
158-15-2614,Boote Probbing,bprobbinga2@github.io
148-80-2088,Corly Beardon,cbeardona3@oracle.com
516-31-0342,Shane Sertin,ssertina4@tumblr.com
190-49-1552,Lida Conybear,lconybeara5@xing.com
897-19-9887,Rosina Boutcher,rboutchera6@chronoengine.com
137-08-8565,Margette Emnoney,memnoneya7@chronoengine.com
423-92-8750,Vivie Inch,vincha8@nhs.uk
776-64-5508,Mic Barlthrop,mbarlthropa9@oaic.gov.au
601-35-5057,Eachelle Demead,edemeadaa@skyrock.com
776-23-3358,Fina Driscoll,fdriscollab@diigo.com
898-16-1730,Jessica Parkman,jparkmanac@cnn.com
698-42-5747,Constantia Cockell,ccockellad@feedburner.com
482-67-3289,Lemmy Gasson,lgassonae@mysql.com
325-20-3306,Aimee Bines,abinesaf@state.tx.us
197-95-0503,Pia Assante,passanteag@xrea.com
343-40-8685,Teodora Tipton,ttiptonah@about.me
201-09-1877,Julienne France,jfranceai@yellowpages.com
779-86-2451,Byrom Cowthart,bcowthartaj@alibaba.com
341-89-0072,Aurora Pavlik,apavlikak@weibo.com
760-85-3216,Iormina Hebborne,ihebborneal@theglobeandmail.com
514-13-1712,Laraine Enriques,lenriquesam@plala.or.jp
623-38-8320,Cicely Pottie,cpottiean@wordpress.com
178-31-3408,Lance Spencelayh,lspencelayhao@nyu.edu
462-69-2057,Dido Tunna,dtunnaap@admin.ch
728-05-5034,Ogdon Aulds,oauldsaq@cafepress.com
835-27-6361,Kamila Gatcliff,kgatcliffar@loc.gov
160-04-0916,Jeannie Terne,jterneas@dmoz.org
337-29-4063,Flore Jelks,fjelksat@cisco.com
139-05-6963,Hester Goodlatt,hgoodlattau@ox.ac.uk
171-11-6432,Ricky Virr,rvirrav@networksolutions.com
111-08-0176,Madelyn Frusher,mfrusheraw@trellian.com
844-94-2027,Lesya Novotne,lnovotneax@cpanel.net
490-74-9334,Jaymee Basant,jbasantay@netscape.com
768-93-9945,Danielle Coldrick,dcoldrickaz@odnoklassniki.ru
296-73-9406,Shana Hamlett,shamlettb0@hao123.com
125-79-9118,Rozalie McGowing,rmcgowingb1@dell.com
501-10-3089,Worthy Fazan,wfazanb2@topsy.com
862-97-7361,Efrem Truder,etruderb3@wiley.com
134-38-2923,Jaine Bisterfeld,jbisterfeldb4@virginia.edu
863-57-7446,Gayelord Feltham,gfelthamb5@dailymotion.com
331-53-4109,Kelsey Jagger,kjaggerb6@slideshare.net
445-70-3916,Janeta Bilam,jbilamb7@is.gd
878-84-8878,Lidia Southcott,lsouthcottb8@nationalgeographic.com
298-79-6064,Garv Blades,gbladesb9@myspace.com
399-55-5610,Lin Dunstan,ldunstanba@t.co
611-24-0288,Seumas Wallwood,swallwoodbb@1und1.de
308-58-9279,Arney Mealing,amealingbc@mac.com
339-54-7906,Jenica Gludor,jgludorbd@cocolog-nifty.com
543-38-1711,Rhianna McMurray,rmcmurraybe@pinterest.com
561-92-9255,Sandor Wescott,swescottbf@geocities.com
594-50-8290,Dionis Lowdwell,dlowdwellbg@flavors.me
796-97-1845,Melisent Siggens,msiggensbh@tmall.com
453-37-5742,Jayson Beilby,jbeilbybi@nih.gov
878-80-0840,Clayborn Muffen,cmuffenbj@macromedia.com
477-19-3119,Darcee Luciani,dlucianibk@livejournal.com
648-65-1741,Catlaina Haldenby,chaldenbybl@hostgator.com
802-45-3950,Brandtr Choppin,bchoppinbm@sina.com.cn
326-13-8846,Pammie Coggeshall,pcoggeshallbn@seattletimes.com
800-34-8499,Liane Pitkaithly,lpitkaithlybo@thetimes.co.uk
300-36-1840,Jennee Ince,jincebp@wunderground.com
496-76-3224,Pepito Portress,pportressbq@e-recht24.de
840-29-1853,Esdras Divina,edivinabr@admin.ch
456-96-8821,Elyn Okie,eokiebs@mail.ru
491-90-6213,Elysha Marsay,emarsaybt@goo.gl
360-70-8845,Binnie Franzetti,bfranzettibu@geocities.com
413-58-3671,Bonnie Lebbern,blebbernbv@alexa.com
604-36-0296,Carolann Pache,cpachebw@statcounter.com
241-48-2807,Lee Karolowski,lkarolowskibx@fc2.com
504-40-7301,Maighdiln Hensmans,mhensmansby@hexun.com
132-43-5420,Frederik Sisey,fsiseybz@ftc.gov
790-12-8360,Jean Bellie,jbelliec0@hibu.com
660-54-5419,Leela Doge,ldogec1@npr.org
569-46-4160,Paolina Cannavan,pcannavanc2@51.la
720-33-0226,Kattie Bruyet,kbruyetc3@cnbc.com
420-97-3366,Mariska Yeell,myeellc4@cloudflare.com
772-60-1135,Chloe Swafford,cswaffordc5@ustream.tv
412-66-3424,Arly Cumberland,acumberlandc6@theguardian.com
770-81-6562,Hulda Cummine,hcumminec7@drupal.org
727-79-4349,Nissy Winsome,nwinsomec8@hhs.gov
110-55-2209,Carrissa Wapple,cwapplec9@sciencedaily.com
164-45-6478,Sherilyn Gettins,sgettinsca@gizmodo.com
261-05-2131,Garrett Hurren,ghurrencb@homestead.com
325-76-1992,Elmo Orry,eorrycc@wikimedia.org
252-34-5635,Travers Maleney,tmaleneycd@blogs.com
160-09-1981,Garland Hove,ghovece@nydailynews.com
184-02-3036,Clifford Le Galle,clecf@multiply.com
321-89-1219,Ianthe Glackin,iglackincg@cornell.edu
530-69-2085,Markus Hadenton,mhadentonch@answers.com
484-40-5823,Tiebout Migheli,tmighelici@ca.gov
464-75-9072,Romola Rayhill,rrayhillcj@pinterest.com
672-58-7144,Corissa Linstead,clinsteadck@usnews.com
778-66-8175,Val Misselbrook,vmisselbrookcl@tinypic.com
779-69-1018,Agosto Forestel,aforestelcm@apache.org
243-78-9138,Finley Fisbburne,ffisbburnecn@delicious.com
225-60-3978,Abagail Mostyn,amostynco@themeforest.net
612-63-4322,Ramsey Brandone,rbrandonecp@sina.com.cn
316-79-5406,Granthem Rainton,graintoncq@netscape.com
134-50-0410,Ava Thurnham,athurnhamcr@sina.com.cn
671-45-0899,Bernette Eakeley,beakeleycs@networkadvertising.org
277-56-9553,Risa Salasar,rsalasarct@ask.com
854-63-7860,Peggi Lampett,plampettcu@g.co
306-57-8796,Vinny Flucks,vfluckscv@indiatimes.com
190-76-4682,Allen Houchin,ahouchincw@youku.com
248-34-0035,Marysa Dawidsohn,mdawidsohncx@foxnews.com
606-70-6935,Marabel Kikke,mkikkecy@people.com.cn
254-80-5406,Leupold Kryzhov,lkryzhovcz@upenn.edu
263-95-5267,Meta Schoolcroft,mschoolcroftd0@spotify.com
380-97-2087,Pall Wilcot,pwilcotd1@aboutads.info
338-85-2801,Crawford Frontczak,cfrontczakd2@cnn.com
194-57-0340,Aleen Maykin,amaykind3@etsy.com
322-98-1573,Donn Lehenmann,dlehenmannd4@skype.com
328-37-9085,Broddie Wein,bweind5@freewebs.com
455-67-4994,Claretta Cowl,ccowld6@vinaora.com
627-16-4616,Ellerey Moakson,emoaksond7@google.nl
600-60-1839,Minny Connochie,mconnochied8@google.pl
320-15-8716,Iggy Gipson,igipsond9@marriott.com
279-34-4278,Aeriela Pawelek,apawelekda@time.com
606-98-3333,Cecilia Bogays,cbogaysdb@auda.org.au
169-22-8571,Kelli Martschke,kmartschkedc@globo.com
111-37-0443,Sheff Shalders,sshaldersdd@xrea.com
218-23-6149,Kellen McKue,kmckuede@vkontakte.ru
564-52-5435,Roz Duley,rduleydf@tinyurl.com
250-12-4907,Laurena Trassler,ltrasslerdg@mozilla.org
431-76-5973,Lannie Dyott,ldyottdh@fema.gov
228-20-7308,Ring Wiltshier,rwiltshierdi@ca.gov
582-70-7060,Preston Redmell,predmelldj@bravesites.com
629-82-5778,Robinett Vyel,rvyeldk@reverbnation.com
596-29-2659,Halley de Grey,hdedl@pagesperso-orange.fr
273-70-5601,Valentin Verrico,vverricodm@mtv.com
833-93-7677,Julius Robbings,jrobbingsdn@hubpages.com
109-92-8560,Burt Hanniger,bhannigerdo@nymag.com
633-27-5097,Rey Bayliss,rbaylissdp@bigcartel.com
364-43-4994,Vittoria Panks,vpanksdq@chicagotribune.com
221-09-0142,Hyacinthia Gewer,hgewerdr@samsung.com
493-35-1737,Cherin Knightsbridge,cknightsbridgeds@usda.gov
489-52-3995,Emory Gagan,egagandt@hp.com
599-88-4187,Angele Hearley,ahearleydu@narod.ru
751-20-2652,Miriam Ronci,mroncidv@oaic.gov.au
584-79-8226,Goran Brooke,gbrookedw@biglobe.ne.jp
588-92-1309,Meghan Espadater,mespadaterdx@1und1.de
687-41-9720,Ara Steele,asteeledy@hao123.com
800-70-6873,Shawnee Forlong,sforlongdz@newyorker.com
532-08-4997,Skell Labrow,slabrowe0@biglobe.ne.jp
695-05-3758,Melisa Copes,mcopese1@google.com
611-09-9454,Shel Waldron,swaldrone2@rediff.com
413-06-0335,Gerrie Cripps,gcrippse3@skype.com
219-78-2729,Brian Oldroyd,boldroyde4@edublogs.org
796-05-2140,Kare Maddin,kmaddine5@360.cn
195-91-5645,Ruthann Kelsey,rkelseye6@prweb.com
364-09-4949,Eilis Whitney,ewhitneye7@bloomberg.com
441-66-5031,Yorker Cottrell,ycottrelle8@blogspot.com
821-35-7677,Karolina Accomb,kaccombe9@symantec.com
359-99-4960,Helena Sharma,hsharmaea@biglobe.ne.jp
394-52-5024,Glennis Mendes,gmendeseb@telegraph.co.uk
481-40-7414,Elyn Pesic,epesicec@a8.net
840-49-0123,Derrek Crasswell,dcrasswelled@printfriendly.com
463-78-6418,Farand Mullenger,fmullengeree@ft.com
176-45-2492,Joey Teliga,jteligaef@etsy.com
536-84-2822,Lonnard Pitbladdo,lpitbladdoeg@dell.com
254-93-4720,Cheslie Valente,cvalenteeh@stumbleupon.com
370-54-4835,Norma Whelpdale,nwhelpdaleei@stumbleupon.com
391-59-9825,Shelagh Zanolli,szanolliej@vinaora.com
392-32-7181,Kennith Dishman,kdishmanek@xing.com
472-42-1009,Corny Methven,cmethvenel@wikimedia.org
594-25-3307,Sharon McMenamy,smcmenamyem@macromedia.com
354-06-7597,Claude Byer,cbyeren@is.gd
616-43-7785,Pincus Croughan,pcroughaneo@thetimes.co.uk
220-73-6495,Hilary Mapledorum,hmapledorumep@ucoz.ru
266-97-4699,Sosanna Rolse,srolseeq@imageshack.us
649-21-0867,Benjamin Grinov,bgrinover@trellian.com
305-55-6796,Wilburt Dewer,wdeweres@slate.com
738-39-8993,Mona Poag,mpoaget@comsenz.com
164-94-9052,Steve Mitchenson,smitchensoneu@diigo.com
537-25-2492,Raimondo Opdenorth,ropdenorthev@sohu.com
831-52-4645,Bernardo Cattenach,bcattenachew@answers.com
274-88-4637,Derron Daal,ddaalex@unesco.org
739-50-9332,Phillipe Tennewell,ptennewelley@scientificamerican.com
893-87-0043,Grace Phayre,gphayreez@shinystat.com
687-46-1501,Alejandra Bowditch,abowditchf0@ehow.com
555-13-6889,Ade Cridlan,acridlanf1@bloglines.com
623-81-2701,Brandise Flement,bflementf2@nature.com
508-19-3230,Maurita Matthias,mmatthiasf3@goodreads.com
162-47-6207,Florentia Wonfar,fwonfarf4@google.co.jp
749-41-6055,Geoffrey Brass,gbrassf5@cargocollective.com
751-67-9764,Goddard Sproat,gsproatf6@wired.com
379-13-0253,Gardiner Mackerel,gmackerelf7@netlog.com
439-73-3123,Elsinore Garfit,egarfitf8@google.co.uk
699-09-6800,Correy Orrah,corrahf9@columbia.edu
395-27-7317,Roberta Denmead,rdenmeadfa@theglobeandmail.com
392-70-2999,Melinde Manske,mmanskefb@deviantart.com
296-66-4177,Esmeralda Game,egamefc@wikispaces.com
527-62-6747,Batsheva Luppitt,bluppittfd@pen.io
272-50-4651,Molly Pactat,mpactatfe@bluehost.com
651-78-7740,Harlen Slavin,hslavinff@t-online.de
367-29-8885,Lissie Pagin,lpaginfg@pagesperso-orange.fr
410-19-5482,Abbi Salvidge,asalvidgefh@gravatar.com
644-70-6943,Andrej Goward,agowardfi@hostgator.com
539-22-7092,Neda Duguid,nduguidfj@umn.edu
604-16-5697,Jacqueline Deyes,jdeyesfk@rediff.com
211-60-3471,Cam Reaney,creaneyfl@yandex.ru
856-99-1892,Silvana Camelli,scamellifm@accuweather.com
294-24-8615,Karney Fortesquieu,kfortesquieufn@artisteer.com
806-65-5705,Doloritas Gibling,dgiblingfo@google.nl
302-83-5963,Sergeant Mosdell,smosdellfp@uiuc.edu
117-42-5588,Olympe Rigg,origgfq@imdb.com
341-42-1664,Delaney Poel,dpoelfr@dmoz.org
541-83-9353,Nanci Lumsden,nlumsdenfs@telegraph.co.uk
250-12-4582,Camila Ruslen,cruslenft@ted.com
805-59-6931,Patrick Gloyens,pgloyensfu@ehow.com
708-35-4701,Uta Confait,uconfaitfv@nifty.com
770-83-2079,Kacy Salle,ksallefw@usatoday.com
102-32-0254,Doralynn Daen,ddaenfx@sbwire.com
450-54-0310,Adrianne Folkerts,afolkertsfy@xing.com
415-82-3242,Morissa Canby,mcanbyfz@howstuffworks.com
527-81-8319,Dorris Simmonett,dsimmonettg0@ycombinator.com
759-98-2482,Wilmette Kleinlerer,wkleinlererg1@yahoo.com
154-96-5625,Marlena Downer,mdownerg2@cocolog-nifty.com
268-80-2186,Dael Mocquer,dmocquerg3@mit.edu
614-85-2976,Marve Waugh,mwaughg4@chron.com
247-54-4102,Alexia Sirmond,asirmondg5@guardian.co.uk
103-07-6257,Garret Burg,gburgg6@dailymail.co.uk
480-30-6559,Faunie Tagg,ftaggg7@goo.ne.jp
488-90-4373,Eyde Bickardike,ebickardikeg8@biglobe.ne.jp
119-93-4948,Lazarus Isard,lisardg9@disqus.com
421-49-5367,Steward Murrey,smurreyga@about.com
181-42-6928,Tatiana Falkous,tfalkousgb@mlb.com
531-10-0714,Addie Crilley,acrilleygc@netscape.com
531-44-3583,Courtnay Ashlin,cashlingd@simplemachines.org
454-09-0612,Balduin Howsley,bhowsleyge@reverbnation.com
136-79-2598,Braden Skeeles,bskeelesgf@google.com.hk
520-78-9972,Bernarr Brockway,bbrockwaygg@amazon.com
807-06-3454,Stevie Diment,sdimentgh@123-reg.co.uk
369-59-1525,Kimmie Farryann,kfarryanngi@disqus.com
173-83-8115,Ailsun Morrice,amorricegj@skype.com
598-55-2476,Glenna Saunder,gsaundergk@forbes.com
583-90-2236,Haley Quoit,hquoitgl@smh.com.au
612-16-1326,Piotr Kinnoch,pkinnochgm@istockphoto.com
234-64-5737,Michael Didsbury,mdidsburygn@amazon.co.uk
288-90-5929,Elijah Wallach,ewallachgo@istockphoto.com
173-31-0591,Berkeley Fitzpayn,bfitzpayngp@google.ca
412-79-9067,Randi Scading,rscadinggq@friendfeed.com
747-74-3337,Terrell McRobert,tmcrobertgr@hp.com
348-12-8425,Caralie Fullard,cfullardgs@sina.com.cn
891-50-7025,Marshall Washington,mwashingtongt@google.com.hk
789-35-2041,Worthington Cabral,wcabralgu@berkeley.edu
808-27-9954,Sissy Sparrowhawk,ssparrowhawkgv@ox.ac.uk
295-95-1736,Zahara Rainville,zrainvillegw@ca.gov
815-90-9275,Berry Deshorts,bdeshortsgx@miibeian.gov.cn
435-11-5636,Margarette Cumming,mcumminggy@linkedin.com
721-40-9917,Zulema Peffer,zpeffergz@1688.com
702-49-6289,Hinda Reuther,hreutherh0@hibu.com
119-08-4313,Vanda Marchent,vmarchenth1@dmoz.org
389-94-3525,Alexandr Zamora,azamorah2@fema.gov
891-51-6544,Fletch Schneidau,fschneidauh3@ucsd.edu
312-94-0611,Nathan Latey,nlateyh4@pbs.org
248-48-4731,Danit Cowdry,dcowdryh5@acquirethisname.com
507-72-0142,Elvera Copins,ecopinsh6@nba.com
434-31-4454,Aubrey Perrie,aperrieh7@usatoday.com
238-74-4046,Inger Gertray,igertrayh8@illinois.edu
242-91-1618,Reggie Warrender,rwarrenderh9@homestead.com
168-44-6324,Tana Spurgeon,tspurgeonha@nymag.com
478-57-0128,Kennan Agnolo,kagnolohb@nature.com
153-73-2125,Gabie Pendleton,gpendletonhc@marketwatch.com
788-64-7649,Bibbie Bundy,bbundyhd@sciencedirect.com
530-56-5811,Jyoti Dowglass,jdowglasshe@surveymonkey.com
120-91-2556,Noelle Kusick,nkusickhf@topsy.com
297-13-1463,Tynan Tour,ttourhg@usda.gov
546-74-0101,Liza Kubecka,lkubeckahh@multiply.com
235-15-8763,Wyn Spradbrow,wspradbrowhi@de.vu
767-05-1013,Magdalen O'Shee,mosheehj@howstuffworks.com
540-34-7974,Anna Hannay,ahannayhk@cocolog-nifty.com
172-41-0282,Rock Sponer,rsponerhl@sourceforge.net
682-62-9722,Kirstyn Giraudeau,kgiraudeauhm@loc.gov
679-63-3181,Van Brumen,vbrumenhn@merriam-webster.com
177-63-6420,Aldis Clearie,aclearieho@youku.com
343-33-2465,Netti Clarkson,nclarksonhp@stumbleupon.com
113-84-8143,Lib McGillacoell,lmcgillacoellhq@drupal.org
136-88-9015,Corly Pope,cpopehr@flickr.com
684-82-4384,Pen Ferreras,pferrerashs@spotify.com
803-99-7828,Lucian Vicarey,lvicareyht@fotki.com
794-86-8928,Inger Basham,ibashamhu@about.me
520-05-7903,Aldo Beekmann,abeekmannhv@examiner.com
194-46-8996,Melitta Glanister,mglanisterhw@liveinternet.ru
852-71-9754,Juliet Boxe,jboxehx@wsj.com
461-78-8869,Gracie Conrad,gconradhy@cnet.com
778-25-0302,Sholom Boughtflower,sboughtflowerhz@tuttocitta.it
118-89-3982,Dynah Bellefant,dbellefanti0@joomla.org
848-33-1132,Kelila Shrimpton,kshrimptoni1@bravesites.com
836-18-3889,Nikaniki Negri,nnegrii2@nyu.edu
684-36-4990,Grace MacKilroe,gmackilroei3@nbcnews.com
212-56-4012,Meryl Brackstone,mbrackstonei4@yahoo.co.jp
377-21-4559,Ralph Scrine,rscrinei5@cpanel.net
189-29-2238,Barton Yanukhin,byanukhini6@blogspot.com
639-09-0394,Rhea Bernardes,rbernardesi7@go.com
438-01-7225,Putnam Tooke,ptookei8@wp.com
895-91-3695,Germain Delahunty,gdelahuntyi9@cnn.com
692-70-9285,Klarika Enriquez,kenriquezia@berkeley.edu
591-44-1634,Roslyn Aronson,raronsonib@homestead.com
798-21-4486,Birdie Galgey,bgalgeyic@geocities.jp
235-35-1161,Clemens O'Farris,cofarrisid@nature.com
582-65-5122,Skipton Girodier,sgirodierie@nymag.com
398-95-7377,Jennica Leatherland,jleatherlandif@spotify.com
543-73-8372,Basile McInnery,bmcinneryig@engadget.com
696-92-5609,Wernher Balding,wbaldingih@bandcamp.com
114-14-7579,Penelopa Grevile,pgrevileii@cbc.ca
155-58-9871,Mandi Whitaker,mwhitakerij@sciencedaily.com
457-53-8767,Poppy Mil,pmilik@webs.com
327-07-9966,Bondie Trippick,btrippickil@bravesites.com
171-85-6025,Colly Mabb,cmabbim@wikispaces.com
335-27-9435,Godard Trenbay,gtrenbayin@ca.gov
397-62-1238,Andi Deverille,adeverilleio@google.ru
766-96-1267,Sunny Measey,smeaseyip@hp.com
596-65-9192,Hedwiga Shimwall,hshimwalliq@domainmarket.com
137-88-0967,Rod Forman,rformanir@mozilla.com
255-86-1898,Nick Lovett,nlovettis@exblog.jp
608-64-2860,Caren Eburne,ceburneit@youku.com
122-21-4442,Daren Rennix,drennixiu@edublogs.org
443-62-8317,Cassi Baumler,cbaumleriv@icio.us
489-49-3777,Catherin Drewitt,cdrewittiw@about.com
190-49-9590,Cass Livesley,clivesleyix@hexun.com
141-53-7827,Stanley Abberley,sabberleyiy@amazon.com
898-08-8860,Deeanne Dundendale,ddundendaleiz@archive.org
112-08-7671,Harrietta Wenderott,hwenderottj0@canalblog.com
784-41-8358,Stevena Guillain,sguillainj1@cbsnews.com
227-26-5235,Jodi Weed,jweedj2@sbwire.com
366-31-4289,Dallon Riccardelli,driccardellij3@facebook.com
393-30-7559,Maud Adnams,madnamsj4@cloudflare.com
425-29-6228,Harrison Ailward,hailwardj5@umn.edu
276-56-1908,Udell Sherbrook,usherbrookj6@blogtalkradio.com
154-08-2394,Nevin Livings,nlivingsj7@google.es
741-38-6273,Olav Bentinck,obentinckj8@acquirethisname.com
767-16-6191,Othilie Jestico,ojesticoj9@whitehouse.gov
672-03-2529,Hyacinthia Eisikovitsh,heisikovitshja@ezinearticles.com
687-41-6245,Prentice Van Der Weedenburg,pvanjb@phpbb.com
390-27-7925,Mona Bingell,mbingelljc@cbsnews.com
815-77-6587,Christine Jacquest,cjacquestjd@clickbank.net
102-22-8703,Justine Jochens,jjochensje@paginegialle.it
112-13-7859,Tyson Docherty,tdochertyjf@shinystat.com
294-62-5310,Stanford Shilstone,sshilstonejg@netlog.com
222-95-8274,Odella Olivella,oolivellajh@51.la
859-02-3120,Krista Deverale,kdeveraleji@unicef.org
618-60-0650,Joey Surmon,jsurmonjj@utexas.edu
538-30-6169,Amelie Cutill,acutilljk@sogou.com
189-09-9080,Ransom O'Henecan,rohenecanjl@java.com
584-61-6774,Mari Bragger,mbraggerjm@lycos.com
250-43-4178,Ema Sleet,esleetjn@reference.com
316-51-2463,Valli Gotmann,vgotmannjo@tripod.com
299-64-3781,Yardley Galgey,ygalgeyjp@devhub.com
532-75-6996,Tome Plunkett,tplunkettjq@surveymonkey.com
222-38-7555,Gerri Margiotta,gmargiottajr@fotki.com
839-64-3246,Rosemarie Pinke,rpinkejs@shutterfly.com
617-97-5904,Delly Sturgis,dsturgisjt@meetup.com
171-05-4214,Bunny Roomes,broomesju@unblog.fr
717-84-0257,Rania Wortt,rworttjv@si.edu
484-40-0041,Jolynn MacElroy,jmacelroyjw@nps.gov
840-20-6408,Gui Sawart,gsawartjx@usatoday.com
870-42-9395,Erhard Burnhams,eburnhamsjy@google.com.br
497-27-2373,Francisco Crippes,fcrippesjz@newyorker.com
103-32-0756,Gregorio McLelland,gmclellandk0@dailymail.co.uk
444-76-7555,Bartholomeo O'Hdirscoll,bohdirscollk1@sitemeter.com
527-89-3001,Nikolia Clavering,nclaveringk2@sina.com.cn
486-05-9244,Cross Lightwing,clightwingk3@apple.com
185-90-6523,Junette Onion,jonionk4@cbslocal.com
555-68-1812,Estelle Gert,egertk5@buzzfeed.com
330-28-9841,Candi Corkhill,ccorkhillk6@salon.com
496-98-1974,Therine Hilary,thilaryk7@mapy.cz
740-44-2030,Teirtza Godden,tgoddenk8@pagesperso-orange.fr
466-84-3352,Raven Pady,rpadyk9@theguardian.com
553-95-5665,Maud Stiffell,mstiffellka@istockphoto.com
591-13-1465,Saidee Arkill,sarkillkb@qq.com
657-47-3104,Wadsworth Bohan,wbohankc@creativecommons.org
394-93-5265,Horace Baswall,hbaswallkd@surveymonkey.com
571-51-2995,Humberto Guillard,hguillardke@huffingtonpost.com
774-95-3621,Avrom Benardet,abenardetkf@ezinearticles.com
344-44-5860,Marlowe Loddy,mloddykg@icq.com
530-90-9199,Annis Hartley,ahartleykh@networksolutions.com
596-25-0873,Frank Witchell,fwitchellki@fda.gov
299-37-9587,Charlotte McFarlane,cmcfarlanekj@discuz.net
503-42-2945,Imogene Wickersham,iwickershamkk@ocn.ne.jp
169-63-9028,Weylin Onion,wonionkl@comcast.net
571-24-8153,Ulises McClosh,umccloshkm@buzzfeed.com
558-14-9405,Cynthia Happert,chappertkn@cnet.com
883-21-0340,Katya O'Garmen,kogarmenko@usnews.com
349-12-4025,Jennette Phil,jphilkp@ucla.edu
384-30-0849,Kingston Castel,kcastelkq@feedburner.com
132-10-4834,Gabriele Forsard,gforsardkr@yale.edu
153-70-4109,Helaine Beautyman,hbeautymanks@cam.ac.uk
840-90-3865,Gerri Delnevo,gdelnevokt@free.fr
165-15-8754,Annissa Duley,aduleyku@miibeian.gov.cn
717-39-4458,Torin Beasleigh,tbeasleighkv@time.com
267-91-6339,Carlyle Juarez,cjuarezkw@eventbrite.com
414-31-3890,Chance Tonkin,ctonkinkx@jalbum.net
578-08-3533,Candi Caulkett,ccaulkettky@blogtalkradio.com
677-26-3706,Kare Scutter,kscutterkz@unblog.fr
193-31-7222,Esta Room,erooml0@friendfeed.com
264-29-8151,Sheeree A'Barrow,sabarrowl1@google.pl
156-48-7652,Berti Cleare,bclearel2@opensource.org
281-73-8224,Birgit Alsopp,balsoppl3@tmall.com
433-58-3827,Allison Petteford,apettefordl4@free.fr
485-20-3043,Hanni Middell,hmiddelll5@ed.gov
780-22-6880,Cecilius Fundell,cfundelll6@plala.or.jp
878-80-5008,Cele Kemery,ckemeryl7@deliciousdays.com
835-26-0270,Kit Huckleby,khucklebyl8@dell.com
612-29-6041,Kevina Couvert,kcouvertl9@php.net
319-89-8536,Lucky Artois,lartoisla@marketwatch.com
413-92-5007,Dukey Callum,dcallumlb@state.tx.us
340-96-4442,Farlee Rantoull,frantoulllc@multiply.com
528-41-1381,Chas Setterfield,csetterfieldld@t-online.de
187-18-3967,Larissa Menloe,lmenloele@theglobeandmail.com
308-83-0752,Dyann Cowper,dcowperlf@irs.gov
851-85-1561,Dolores McKenzie,dmckenzielg@hatena.ne.jp
719-94-2183,Carr Easlea,ceaslealh@google.ru
560-18-3084,Aggie Obispo,aobispoli@nba.com
870-17-0154,Shaughn Drieu,sdrieulj@spiegel.de
368-03-2673,Haily Founds,hfoundslk@netlog.com
805-20-9097,Gilbert Eliesco,geliescoll@1und1.de
165-53-1331,Georgeanne Gerry,ggerrylm@amazon.com
838-02-9115,Ladonna Zold,lzoldln@fc2.com
513-68-4488,Kath Trew,ktrewlo@bbb.org
368-91-7423,Timmie Van T'Hoog,tvanlp@blog.com
399-42-8232,Eadith Garretson,egarretsonlq@stanford.edu
822-92-5285,Simone Dutch,sdutchlr@spiegel.de
130-10-8573,Shantee Fellgate,sfellgatels@mit.edu
245-65-1969,Esther Trask,etrasklt@mozilla.org
807-51-5254,Kerri Dalliwatr,kdalliwatrlu@taobao.com
178-91-2605,Morgen Fursland,mfurslandlv@guardian.co.uk
174-93-0092,Joana Atlee,jatleelw@china.com.cn
504-88-6097,Drugi Chyuerton,dchyuertonlx@devhub.com
541-09-3081,Suzanne Gallop,sgalloply@de.vu
132-54-3147,Tremaine Sciusscietto,tsciussciettolz@icq.com
367-63-0707,Rem Rigler,rriglerm0@sciencedirect.com
732-07-0954,Staffard Yaldren,syaldrenm1@umn.edu
886-56-1432,Hildegaard Confait,hconfaitm2@globo.com
530-30-2411,Helena Pitkaithly,hpitkaithlym3@elegantthemes.com
787-81-3760,Torry Pizzey,tpizzeym4@prweb.com
500-77-5289,Therese Davidge,tdavidgem5@gizmodo.com
321-44-9409,Marylee Cushelly,mcushellym6@businesswire.com
862-54-6866,Dianna Beacon,dbeaconm7@home.pl
441-52-3660,Jonis Bushe,jbushem8@people.com.cn
647-23-5565,Tam Holbarrow,tholbarrowm9@nps.gov
692-55-7172,Diannne Wankling,dwanklingma@wsj.com
579-67-5194,Giorgio Treasure,gtreasuremb@wufoo.com
510-33-2351,Ailsun Lydford,alydfordmc@umn.edu
162-65-5976,Bret Bywaters,bbywatersmd@guardian.co.uk
604-55-3157,Geri Courtin,gcourtinme@plala.or.jp
527-63-9055,Honor Paulus,hpaulusmf@noaa.gov
420-72-2794,Darlleen Caller,dcallermg@ning.com
226-07-4650,Oliviero Kikke,okikkemh@friendfeed.com
581-10-0322,Anthe Trenholm,atrenholmmi@oaic.gov.au
795-62-4552,Maribeth Chstney,mchstneymj@youtube.com
633-49-1801,Raquel Queenborough,rqueenboroughmk@com.com
122-97-5122,Nealson Linster,nlinsterml@census.gov
403-74-0616,Gay McCaskell,gmccaskellmm@omniture.com
324-49-6831,Karlene Coils,kcoilsmn@youku.com
252-82-6946,Kimberlee Lilywhite,klilywhitemo@mozilla.com
654-03-7530,Alwyn Moine,amoinemp@squarespace.com
760-86-4135,Glyn Ibarra,gibarramq@domainmarket.com
756-91-9859,Smitty Duffit,sduffitmr@sun.com
387-93-9706,Brittni Cressar,bcressarms@elpais.com
252-09-6756,Elias Antonsson,eantonssonmt@slideshare.net
377-86-4418,April Lindsay,alindsaymu@army.mil
208-38-3958,Gregg Szymczyk,gszymczykmv@freewebs.com
604-84-6999,Valeda Oyley,voyleymw@mysql.com
541-37-5674,Blondell Macvain,bmacvainmx@privacy.gov.au
459-34-6058,Austine Connichie,aconnichiemy@youtu.be
873-61-3570,Estevan Jedrzej,ejedrzejmz@php.net
120-23-8386,Nonnah Creffield,ncreffieldn0@google.co.uk
489-06-7545,Jolyn Kadd,jkaddn1@yelp.com
170-25-7675,Lezley Fullegar,lfullegarn2@cnbc.com
878-04-4584,Letta Spillman,lspillmann3@xing.com
411-19-6392,Hynda Canham,hcanhamn4@google.com
848-01-8329,Shadow Garrat,sgarratn5@163.com
657-79-8127,Cathlene Kissick,ckissickn6@fastcompany.com
227-71-2067,Milli McGawn,mmcgawnn7@youtube.com
705-55-2779,Northrop Janek,njanekn8@netvibes.com
595-66-2887,Verile Reisen,vreisenn9@free.fr
233-81-2857,Antons Darkin,adarkinna@wufoo.com
683-23-8634,Zechariah Gurling,zgurlingnb@businessinsider.com
355-67-0906,Emmie Matchitt,ematchittnc@unesco.org
652-19-1190,Linnie Falkous,lfalkousnd@ox.ac.uk
314-45-5339,Krissy Masi,kmasine@example.com
547-30-9162,Zorina Barfitt,zbarfittnf@canalblog.com
410-34-6136,Gaspar Gehrtz,ggehrtzng@sbwire.com
793-84-0731,Joyous Littlecote,jlittlecotenh@yellowbook.com
883-50-3545,Codee Ruprechter,cruprechterni@spiegel.de
529-58-8077,Jaquith Limmer,jlimmernj@disqus.com
340-72-7480,Braden Haddeston,bhaddestonnk@seesaa.net
256-56-0709,Lawrence McGaraghan,lmcgaraghannl@ca.gov
319-98-2333,Barnie Mell,bmellnm@biblegateway.com
293-97-5990,Adrianna Kinkead,akinkeadnn@reference.com
837-75-2098,Abbot Mattityahou,amattityahouno@ucsd.edu
816-01-7690,Gilbertina Bernette,gbernettenp@goo.gl
831-53-1468,Kiley Coy,kcoynq@google.com
839-92-6187,Wanids Pattle,wpattlenr@rambler.ru
647-42-6505,Lissy Bleakley,lbleakleyns@hud.gov
702-17-2367,Mei Woolmington,mwoolmingtonnt@themeforest.net
475-19-0171,Edlin Staddart,estaddartnu@storify.com
516-98-8757,Dorolice Goadby,dgoadbynv@webs.com
336-77-4061,Garret Lawry,glawrynw@rambler.ru
349-82-1099,Caria Sothcott,csothcottnx@pcworld.com
722-50-3490,Ashlan Walsham,awalshamny@canalblog.com
652-15-7200,Adelbert McTerrelly,amcterrellynz@ox.ac.uk
624-78-4314,Pollyanna Callacher,pcallachero0@ed.gov
563-66-1002,Merissa Bignell,mbignello1@fc2.com
383-98-8444,Court Kennedy,ckennedyo2@slideshare.net
482-48-0954,Jase McKinnon,jmckinnono3@devhub.com
191-37-4851,Elsey Adolf,eadolfo4@howstuffworks.com
515-94-7546,Arlyne Arndtsen,aarndtseno5@gmpg.org
226-64-2144,Deidre Schwandner,dschwandnero6@princeton.edu
483-99-4775,Kinny Jahn,kjahno7@ftc.gov
185-37-6703,Isiahi Martello,imartelloo8@moonfruit.com
621-95-4693,Carl Cowndley,ccowndleyo9@people.com.cn
390-57-2557,Bonita Hallum,bhallumoa@vinaora.com
394-14-8065,Jeffry Blackhall,jblackhallob@taobao.com
398-68-4628,Harriet Ellerey,hellereyoc@mit.edu
692-54-2793,Verile Davidson,vdavidsonod@squarespace.com
558-66-8879,Fransisco Elldred,felldredoe@shareasale.com
421-55-2661,Sarah Shilladay,sshilladayof@seattletimes.com
434-26-9477,Dwayne Cattlemull,dcattlemullog@tmall.com
162-92-7056,Shaughn Marfe,smarfeoh@washington.edu
379-94-8106,Giulietta Gillard,ggillardoi@dailymotion.com
210-27-2692,Esteban Knappett,eknappettoj@smh.com.au
672-85-2193,Agnola Ablitt,aablittok@instagram.com
412-79-7199,Shannon Artrick,sartrickol@google.ru
147-20-8560,Tabbitha Ventris,tventrisom@nymag.com
506-33-5962,Maximo Dryden,mdrydenon@plala.or.jp
361-40-1708,Ignacius Roger,irogeroo@home.pl
608-54-1152,Toiboid Gaytor,tgaytorop@live.com
160-41-7352,Oates Duggon,oduggonoq@google.com.au
198-61-0010,Lion Reaman,lreamanor@webs.com
247-02-4896,Jeff Josh,jjoshos@barnesandnoble.com
400-73-1302,Dario Huck,dhuckot@slate.com
702-16-9855,Cleavland Wilding,cwildingou@businesswire.com
129-98-0756,Ado Ghilks,aghilksov@telegraph.co.uk
183-91-0923,Doria Kingsley,dkingsleyow@bizjournals.com
727-52-1847,Adelice O'Shiel,aoshielox@google.com.au
777-80-4226,Salomon Erdes,serdesoy@gov.uk
724-90-4008,Hernando Clemo,hclemooz@bigcartel.com
617-29-3713,Viole Lissandri,vlissandrip0@cbc.ca
606-86-8451,Noak Murfin,nmurfinp1@purevolume.com
330-66-8015,Gillian Humphrey,ghumphreyp2@multiply.com
430-42-7688,Ax Mumby,amumbyp3@diigo.com
458-92-4090,Aluino Bockings,abockingsp4@umn.edu
883-35-4775,Queenie Vasiliev,qvasilievp5@apple.com
786-86-7023,Brigitta Huie,bhuiep6@scientificamerican.com
369-56-1647,Jacquette Mahaffey,jmahaffeyp7@behance.net
799-66-4924,Dale Boggish,dboggishp8@nih.gov
727-89-9310,Husein deKnevet,hdeknevetp9@bravesites.com
194-66-9490,Phyllis Barnhill,pbarnhillpa@nps.gov
458-67-7974,Maxie Innis,minnispb@surveymonkey.com
567-42-2315,Mahmud Tott,mtottpc@wordpress.org
630-18-4515,Poul Lepper,plepperpd@4shared.com
881-71-9805,Janina Henrichs,jhenrichspe@blogs.com
470-61-4054,Moise Archbald,marchbaldpf@archive.org
575-62-1370,Claudine Hyland,chylandpg@theglobeandmail.com
492-72-0992,Addie O'Crevan,aocrevanph@comsenz.com
671-65-6857,Sherline Village,svillagepi@wix.com
650-14-5584,Gawen Rolinson,grolinsonpj@accuweather.com
814-73-7400,Alair Windrus,awindruspk@mediafire.com
748-25-1865,Dorian Whitaker,dwhitakerpl@t.co
300-54-0704,Lynsey Lowy,llowypm@51.la
813-41-6383,Simonne Bosdet,sbosdetpn@wp.com
633-76-7077,Gayle Alpes,galpespo@livejournal.com
850-36-7095,Cristionna Crennan,ccrennanpp@cnn.com
384-81-1930,Jareb Westhead,jwestheadpq@cpanel.net
138-75-8268,Valerye Napthine,vnapthinepr@unc.edu
238-53-1155,Chaddie Croucher,ccroucherps@linkedin.com
420-37-4192,Linet Bucktrout,lbucktroutpt@lycos.com
212-08-4638,Lolita Alesbrook,lalesbrookpu@ocn.ne.jp
393-76-2820,Jaclin Broddle,jbroddlepv@gov.uk
678-60-7309,Archer Praill,apraillpw@163.com
164-46-8948,Libbi Eacott,leacottpx@bloglines.com
415-54-7436,Hilda Blackney,hblackneypy@alexa.com
242-66-4128,Carine Schober,cschoberpz@wikipedia.org
513-12-0257,Vinny Cours,vcoursq0@canalblog.com
126-62-9041,Cthrine Quinn,cquinnq1@webs.com
144-06-6977,Evonne Bosma,ebosmaq2@goo.gl
431-51-7151,Rickie Keigher,rkeigherq3@paypal.com
654-78-8639,Marj McKim,mmckimq4@studiopress.com
866-63-7727,Dom Geaney,dgeaneyq5@engadget.com
668-42-7696,Charyl Spira,cspiraq6@goo.gl
675-07-3088,Georgena Whate,gwhateq7@liveinternet.ru
547-35-9152,Rhianna Reith,rreithq8@bluehost.com
869-35-2932,Gregorius Avon,gavonq9@gov.uk
623-86-9307,Justen Buglass,jbuglassqa@webeden.co.uk
430-77-5487,Patrick Bremley,pbremleyqb@hud.gov
675-46-7038,Philis Clausner,pclausnerqc@infoseek.co.jp
682-13-4266,Isahella Proback,iprobackqd@cnbc.com
881-32-3884,Aleen Goodayle,agoodayleqe@smugmug.com
698-33-1152,Fina Mordey,fmordeyqf@bluehost.com
198-71-7090,Devonna Brahm,dbrahmqg@umn.edu
262-71-5185,Hewitt Burnsall,hburnsallqh@goo.ne.jp
712-65-8498,Helaine Challenor,hchallenorqi@pagesperso-orange.fr
145-83-3826,Elianora Filippone,efilipponeqj@mtv.com
224-10-5976,Jeramey Rouke,jroukeqk@about.com
247-09-8606,Yuri Klimsch,yklimschql@cam.ac.uk
122-18-3758,Sheilakathryn Sheekey,ssheekeyqm@hexun.com
710-25-5282,Rainer Ewer,rewerqn@mozilla.org
455-38-2116,Tara Annott,tannottqo@fda.gov
401-46-6752,Arlena Yesenev,ayesenevqp@blinklist.com
881-48-8470,Ulrica Nice,uniceqq@ibm.com
138-95-7959,Sandro Ransley,sransleyqr@imageshack.us
269-09-8800,Sterne Swanborrow,sswanborrowqs@friendfeed.com
487-27-0186,Ainsley Cristea,acristeaqt@free.fr
705-39-8885,Garvin MacKeogh,gmackeoghqu@tinypic.com
461-71-9538,Sammie McGrady,smcgradyqv@yellowbook.com
615-35-7634,Jenni Furmenger,jfurmengerqw@123-reg.co.uk
102-10-5694,Brooks Machen,bmachenqx@forbes.com
703-28-4355,Krystle Treadway,ktreadwayqy@dropbox.com
283-09-4027,Edgardo Prandi,eprandiqz@desdev.cn
444-45-3534,Minni Baile,mbailer0@studiopress.com
424-80-2448,Adoree Sondland,asondlandr1@theguardian.com
139-17-1676,Cymbre Jorat,cjoratr2@storify.com
734-31-3686,Monique Pallent,mpallentr3@examiner.com
541-37-1471,Peder Dempsey,pdempseyr4@delicious.com
714-70-0865,Consalve Leiden,cleidenr5@dailymotion.com
785-77-6673,Sherlocke Theze,sthezer6@w3.org
336-66-2880,Berta Ashley,bashleyr7@last.fm
245-49-4647,Katlin Rigardeau,krigardeaur8@wp.com
823-50-4110,Annecorinne Eytel,aeytelr9@blogspot.com
772-24-1868,Katrinka Cotterill,kcotterillra@etsy.com
221-26-3392,Gratiana Helks,ghelksrb@over-blog.com
659-03-0404,Gillie Garrique,ggarriquerc@biglobe.ne.jp
501-17-8567,Vito Cousens,vcousensrd@webs.com
811-85-3273,Daron Moncreiffe,dmoncreiffere@multiply.com
847-06-3664,Leonidas Edmondson,ledmondsonrf@mediafire.com
763-35-4144,Wallie Nutley,wnutleyrg@edublogs.org
158-98-9677,Britte Trighton,btrightonrh@statcounter.com
586-83-0714,Tomlin Keirl,tkeirlri@cam.ac.uk
633-99-8465,Angeli Hewell,ahewellrj@storify.com
721-83-3378,Arlena Deakes,adeakesrk@wikipedia.org
210-68-3995,Merell Draisey,mdraiseyrl@washington.edu
219-53-3686,Tirrell Biscomb,tbiscombrm@pcworld.com
756-52-8214,Farleigh Pudsey,fpudseyrn@goo.gl
770-81-1518,Brynn Tadgell,btadgellro@hhs.gov
832-55-8116,Alexandro Tadman,atadmanrp@ebay.com
544-27-8921,Kyle Crosby,kcrosbyrq@apple.com
149-13-2044,Warden Yurenev,wyurenevrr@ftc.gov
